first name,last name,role,image
john,smith,Marketing Manager,1.png
alberto ,lock,Junior Data Scientist,2.png
kudret,fanpe,Full-Stack Developer,3.png
adley,patel,Front-End Developer,4.png
tarit,agarkar,Web Developer,5.png
nadiya,Conwell,Senior Visualizer,6.png
will,stacy,Front-End Developer,7.png
laura,mendez,Project Manager,8.png
amar,bhat,Machine Learning Engineer,9.png
nalin,jindal,Full-Stack Developer,10.png
chandresh,bhat,Research Intern,11.png
batsa,kionvoi,Technical Consultant,12.png